<wpml-config>
	<admin-texts>
		<key name="cromulent">
			<key name="footer_content" />
		</key>
	</admin-texts>
	<language-switcher-settings>
		<key name="icl_lang_sel_footer_config">
			<key name="font-current-normal">#fff</key>
			<key name="font-current-hover">#339bcb</key>
			<key name="background-current-normal">#fff</key>
			<key name="background-current-hover">#fff</key>
			<key name="font-other-normal">#fff</key>
			<key name="font-other-hover">#339bcb</key>
			<key name="background-other-normal">#fff</key>
			<key name="background-other-hover">#fff</key>
			<key name="background">#fff</key>
			<key name="border">#fff</key>
		</key>
	</language-switcher-settings>
</wpml-config>
